Date,Index
2018-07-16,1529.0
2018-07-13,1527.0
2018-07-12,1517.0
2018-07-11,1498.0
2018-07-10,1431.0
2018-07-09,1367.0
2018-07-06,1347.0
2018-07-05,1339.0
2018-07-04,1334.0
2018-07-03,1336.0
2018-07-02,1338.0
2018-06-29,1336.0
2018-06-28,1331.0
2018-06-27,1324.0
2018-06-26,1321.0
2018-06-25,1339.0
2018-06-22,1355.0
2018-06-21,1382.0
2018-06-20,1419.0
2018-06-19,1458.0
2018-06-18,1482.0
2018-06-15,1495.0
2018-06-14,1498.0
2018-06-13,1488.0
2018-06-12,1474.0
2018-06-11,1451.0
2018-06-08,1418.0
2018-06-07,1344.0
2018-06-06,1290.0
2018-06-05,1250.0
2018-06-04,1217.0
2018-06-01,1192.0
2018-05-31,1160.0
2018-05-30,1149.0
2018-05-29,1163.0
2018-05-25,1187.0
2018-05-24,1202.0
2018-05-23,1222.0
2018-05-22,1239.0
2018-05-21,1243.0
2018-05-18,1241.0
2018-05-17,1239.0
2018-05-16,1237.0
2018-05-15,1237.0
2018-05-14,1240.0
2018-05-10,1246.0
2018-05-09,1253.0
2018-05-08,1257.0
2018-05-04,1265.0
2018-05-03,1266.0
2018-05-02,1271.0
2018-05-01,1271.0
2018-04-30,1276.0
2018-04-27,1275.0
2018-04-26,1272.0
2018-04-25,1264.0
2018-04-24,1269.0
2018-04-23,1281.0
2018-04-20,1289.0
2018-04-19,1306.0
2018-04-18,1329.0
2018-04-17,1353.0
2018-04-16,1359.0
2018-04-13,1351.0
2018-04-12,1335.0
2018-04-11,1325.0
2018-04-10,1319.0
2018-04-09,1315.0
2018-04-06,1317.0
2018-04-05,1343.0
2018-04-04,1397.0
2018-04-03,1455.0
2018-03-29,1495.0
2018-03-28,1520.0
2018-03-27,1552.0
2018-03-26,1575.0
2018-03-23,1587.0
2018-03-22,1593.0
2018-03-21,1606.0
2018-03-20,1615.0
2018-03-19,1621.0
2018-03-16,1618.0
2018-03-15,1619.0
2018-03-14,1623.0
2018-03-13,1623.0
2018-03-12,1624.0
2018-03-09,1615.0
2018-03-08,1590.0
2018-03-07,1553.0
2018-03-06,1528.0
2018-03-05,1502.0
2018-03-02,1500.0
2018-03-01,1505.0
2018-02-28,1513.0
2018-02-27,1513.0
2018-02-26,1504.0
2018-02-23,1481.0
2018-02-22,1438.0
2018-02-21,1388.0
2018-02-20,1333.0
2018-02-19,1294.0
2018-02-16,1273.0
2018-02-15,1251.0
2018-02-14,1231.0
2018-02-13,1228.0
2018-02-12,1237.0
2018-02-09,1250.0
2018-02-08,1263.0
2018-02-07,1293.0
2018-02-06,1316.0
2018-02-05,1339.0
2018-02-02,1359.0
2018-02-01,1378.0
2018-01-31,1411.0
2018-01-30,1450.0
2018-01-29,1485.0
2018-01-26,1492.0
2018-01-25,1481.0
2018-01-24,1456.0
2018-01-23,1404.0
2018-01-22,1362.0
2018-01-19,1333.0
2018-01-18,1311.0
2018-01-17,1317.0
2018-01-16,1329.0
2018-01-15,1340.0
2018-01-12,1348.0
2018-01-11,1371.0
2018-01-10,1404.0
2018-01-09,1428.0
2018-01-08,1424.0
2018-01-05,1400.0
2018-01-04,1365.0
2018-01-03,1332.0
2018-01-02,1340.0
2017-12-22,1395.0
2017-12-21,1445.0
2017-12-20,1546.0
2017-12-19,1593.0
2017-12-18,1643.0
2017-12-15,1677.0
2017-12-14,1714.0
2017-12-13,1718.0
2017-12-12,1672.0
2017-12-11,1624.0
2017-12-08,1588.0
2017-12-07,1564.0
2017-12-06,1563.0
2017-12-05,1571.0
2017-12-04,1559.0
2017-12-01,1494.0
2017-11-30,1433.0
2017-11-29,1368.0
2017-11-28,1320.0
2017-11-27,1299.0
2017-11-24,1295.0
2017-11-23,1284.0
2017-11-22,1281.0
2017-11-21,1275.0
2017-11-20,1280.0
2017-11-17,1285.0
2017-11-16,1298.0
2017-11-15,1320.0
2017-11-14,1346.0
2017-11-13,1387.0
2017-11-10,1418.0
2017-11-09,1468.0
2017-11-08,1515.0
2017-11-07,1558.0
2017-11-06,1567.0
2017-11-03,1562.0
2017-11-02,1539.0
2017-11-01,1503.0
2017-10-31,1492.0
2017-10-30,1498.0
2017-10-27,1517.0
2017-10-26,1553.0
2017-10-25,1592.0
2017-10-24,1626.0
2017-10-23,1642.0
2017-10-20,1643.0
2017-10-19,1648.0
2017-10-18,1646.0
2017-10-17,1651.0
2017-10-16,1637.0
2017-10-13,1606.0
2017-10-12,1556.0
2017-10-11,1504.0
2017-10-10,1465.0
2017-10-09,1438.0
2017-10-06,1406.0
2017-10-05,1345.0
2017-10-04,1276.0
2017-10-03,1247.0
2017-10-02,1268.0
2017-09-29,1308.0
2017-09-28,1352.0
2017-09-27,1406.0
2017-09-26,1446.0
2017-09-25,1474.0
2017-09-22,1493.0
2017-09-21,1514.0
2017-09-20,1531.0
2017-09-19,1536.0
2017-09-18,1529.0
2017-09-15,1521.0
2017-09-14,1499.0
2017-09-13,1464.0
2017-09-12,1429.0
2017-09-11,1394.0
2017-09-08,1375.0
2017-09-07,1351.0
2017-09-06,1314.0
2017-09-05,1275.0
2017-09-04,1227.0
2017-09-01,1198.0
2017-08-31,1189.0
2017-08-30,1195.0
2017-08-29,1215.0
2017-08-25,1235.0
2017-08-24,1259.0
2017-08-23,1311.0
2017-08-22,1345.0
2017-08-21,1349.0
2017-08-18,1345.0
2017-08-17,1336.0
2017-08-16,1310.0
2017-08-15,1289.0
2017-08-14,1272.0
2017-08-11,1256.0
2017-08-10,1228.0
2017-08-09,1192.0
2017-08-08,1170.0
2017-08-07,1158.0
2017-08-04,1153.0
2017-08-03,1143.0
2017-08-02,1118.0
2017-08-01,1098.0
2017-07-31,1095.0
2017-07-28,1109.0
2017-07-27,1146.0
2017-07-26,1192.0
2017-07-25,1225.0
2017-07-24,1248.0
2017-07-21,1258.0
2017-07-20,1260.0
2017-07-19,1252.0
2017-07-18,1226.0
2017-07-17,1202.0
2017-07-14,1173.0
2017-07-13,1141.0
2017-07-12,1098.0
2017-07-11,1069.0
2017-07-10,1061.0
2017-07-07,1062.0
2017-07-06,1063.0
2017-07-05,1060.0
2017-07-04,1062.0
2017-07-03,1068.0
2017-06-29,1119.0
2017-06-28,1150.0
2017-06-27,1151.0
2017-06-26,1145.0
2017-06-23,1138.0
2017-06-22,1109.0
2017-06-21,1070.0
2017-06-20,1017.0
2017-06-19,984.0
2017-06-09,813.0
2017-06-08,793.0
2017-06-07,783.0
2017-06-06,783.0
2017-06-05,789.0
2017-06-02,792.0
2017-06-01,810.0
2017-05-31,829.0
2017-05-30,842.0
2017-05-26,845.0
2017-05-25,848.0
2017-05-24,849.0
2017-05-23,850.0
2017-05-22,854.0
2017-05-19,870.0
2017-05-18,894.0
2017-05-17,925.0
2017-05-16,956.0
2017-05-15,978.0
2017-05-12,992.0
2017-05-11,1006.0
2017-05-10,1011.0
2017-05-09,1007.0
2017-05-08,1009.0
2017-05-05,1023.0
2017-05-04,1048.0
2017-05-03,1096.0
2017-05-02,1140.0
2017-04-28,1187.0
2017-04-27,1260.0
2017-04-26,1320.0
2017-04-25,1371.0
2017-04-24,1429.0
2017-04-21,1494.0
2017-04-20,1553.0
2017-04-19,1612.0
2017-04-18,1621.0
2017-04-13,1611.0
2017-04-12,1583.0
2017-04-11,1533.0
2017-04-10,1466.0
2017-04-07,1427.0
2017-04-06,1387.0
2017-04-05,1371.0
2017-04-04,1377.0
2017-04-03,1379.0
2017-03-31,1374.0
2017-03-30,1366.0
2017-03-29,1346.0
2017-03-28,1306.0
2017-03-27,1253.0
2017-03-24,1218.0
2017-03-23,1170.0
2017-03-22,1119.0
2017-03-21,1101.0
2017-03-20,1103.0
2017-03-17,1108.0
2017-03-16,1129.0
2017-03-15,1150.0
2017-03-14,1185.0
2017-03-13,1207.0
2017-03-10,1211.0
2017-03-09,1220.0
2017-03-08,1220.0
2017-03-07,1194.0
2017-03-06,1154.0
2017-03-03,1118.0
2017-03-02,1084.0
2017-03-01,1041.0
2017-02-28,995.0
2017-02-27,966.0
2017-02-24,947.0
2017-02-23,927.0
2017-02-22,908.0
2017-02-21,906.0
2017-02-20,909.0
2017-02-17,917.0
2017-02-16,923.0
2017-02-15,933.0
2017-02-14,939.0
2017-02-13,944.0
2017-02-10,943.0
2017-02-09,940.0
2017-02-08,934.0
2017-02-07,931.0
2017-02-06,922.0
2017-02-03,922.0
2017-02-02,926.0
2017-02-01,933.0
2017-01-31,951.0
2017-01-30,964.0
2017-01-27,968.0
2017-01-26,973.0
2017-01-25,972.0
2017-01-24,964.0
2017-01-23,962.0
2017-01-20,970.0
2017-01-19,981.0
2017-01-18,998.0
2017-01-17,1019.0
2017-01-16,1039.0
2017-01-13,1042.0
2017-01-12,1038.0
2017-01-11,1021.0
2017-01-10,973.0
2017-01-09,927.0
2017-01-06,892.0
2017-01-05,837.0
2017-01-04,807.0
2017-01-03,811.0
2016-12-23,852.0
2016-12-22,866.0
2016-12-21,905.0
2016-12-20,976.0
2016-12-19,1037.0
2016-12-16,1126.0
2016-12-15,1234.0
2016-12-14,1332.0
2016-12-13,1419.0
2016-12-12,1469.0
2016-12-09,1508.0
2016-12-08,1547.0
2016-12-07,1565.0
2016-12-06,1563.0
2016-12-05,1541.0
2016-12-02,1508.0
2016-12-01,1486.0
2016-11-30,1465.0
2016-11-29,1424.0
2016-11-28,1400.0
2016-11-25,1389.0
2016-11-24,1385.0
2016-11-23,1387.0
2016-11-22,1382.0
2016-11-21,1387.0
2016-11-18,1388.0
2016-11-17,1353.0
2016-11-16,1263.0
2016-11-15,1162.0
2016-11-14,1058.0
2016-11-11,1011.0
2016-11-10,956.0
2016-11-09,927.0
2016-11-08,903.0
2016-11-07,889.0
2016-11-04,885.0
2016-11-03,886.0
2016-11-02,885.0
2016-11-01,895.0
2016-10-31,905.0
2016-10-28,913.0
2016-10-27,921.0
2016-10-26,925.0
2016-10-25,925.0
2016-10-24,923.0
2016-10-21,915.0
2016-10-20,905.0
2016-10-19,885.0
2016-10-18,860.0
2016-10-17,838.0
2016-10-14,819.0
2016-10-13,790.0
2016-10-12,763.0
2016-10-11,745.0
2016-10-10,729.0
2016-10-07,717.0
2016-10-06,704.0
2016-10-05,699.0
2016-10-04,705.0
2016-10-03,713.0
2016-09-30,726.0
2016-09-29,741.0
2016-09-28,751.0
2016-09-27,750.0
2016-09-26,739.0
2016-09-23,722.0
2016-09-22,700.0
2016-09-21,673.0
2016-09-20,657.0
2016-09-19,650.0
2016-09-16,646.0
2016-09-15,645.0
2016-09-14,649.0
2016-09-13,656.0
2016-09-12,659.0
2016-09-09,658.0
2016-09-08,655.0
2016-09-07,648.0
2016-09-06,641.0
2016-09-05,640.0
2016-09-02,644.0
2016-09-01,652.0
2016-08-31,660.0
2016-08-30,674.0
2016-08-26,687.0
2016-08-25,700.0
2016-08-24,706.0
2016-08-23,714.0
2016-08-22,721.0
2016-08-19,727.0
2016-08-18,727.0
2016-08-17,726.0
2016-08-16,721.0
2016-08-15,713.0
2016-08-12,703.0
2016-08-11,687.0
2016-08-10,659.0
2016-08-09,642.0
2016-08-08,638.0
2016-08-05,640.0
2016-08-04,641.0
2016-08-03,648.0
2016-08-02,658.0
2016-08-01,673.0
2016-07-29,692.0
2016-07-28,719.0
2016-07-27,752.0
2016-07-26,784.0
2016-07-25,806.0
2016-07-22,827.0
2016-07-21,850.0
2016-07-20,872.0
2016-07-19,879.0
2016-07-18,874.0
2016-07-15,863.0
2016-07-14,842.0
2016-07-13,819.0
2016-07-12,809.0
2016-07-11,799.0
2016-07-08,792.0
2016-07-07,779.0
2016-07-06,755.0
2016-07-05,735.0
2016-07-04,710.0
2016-07-01,691.0
2016-06-30,662.0
2016-06-29,634.0
2016-06-28,618.0
2016-06-27,601.0
2016-06-24,585.0
2016-06-23,569.0
2016-06-22,556.0
2016-06-21,548.0
2016-06-20,546.0
2016-06-17,546.0
2016-06-16,545.0
2016-06-15,545.0
2016-06-14,543.0
2016-06-13,542.0
2016-06-10,543.0
2016-06-09,543.0
2016-06-08,540.0
2016-06-07,542.0
2016-06-06,544.0
2016-06-03,550.0
2016-06-02,560.0
2016-06-01,568.0
2016-05-31,574.0
2016-05-27,582.0
2016-05-26,586.0
2016-05-25,596.0
2016-05-24,608.0
2016-05-23,611.0
2016-05-20,614.0
2016-05-19,617.0
2016-05-18,611.0
2016-05-17,604.0
2016-05-16,598.0
2016-05-13,597.0
2016-05-12,589.0
2016-05-11,583.0
2016-05-10,581.0
2016-05-09,584.0
2016-05-06,591.0
2016-05-05,607.0
2016-05-04,621.0
2016-05-03,640.0
2016-04-29,667.0
2016-04-28,685.0
2016-04-27,704.0
2016-04-26,718.0
2016-04-25,727.0
2016-04-22,736.0
2016-04-21,743.0
2016-04-20,747.0
2016-04-19,746.0
2016-04-18,740.0
2016-04-15,727.0
2016-04-14,700.0
2016-04-13,678.0
2016-04-12,666.0
2016-04-11,654.0
2016-04-08,643.0
2016-04-07,627.0
2016-04-06,619.0
2016-04-05,596.0
2016-04-04,563.0
2016-04-01,535.0
2016-03-31,501.0
2016-03-30,484.0
2016-03-29,471.0
2016-03-24,466.0
2016-03-23,458.0
2016-03-22,455.0
2016-03-21,459.0
2016-03-18,463.0
2016-03-17,467.0
2016-03-16,474.0
2016-03-15,481.0
2016-03-14,481.0
2016-03-11,477.0
2016-03-10,466.0
2016-03-09,447.0
2016-03-08,422.0
2016-03-07,397.0
2016-03-04,386.0
2016-03-03,374.0
2016-03-02,364.0
2016-03-01,357.0
2016-02-29,354.0
2016-02-26,352.0
2016-02-25,346.0
2016-02-24,346.0
2016-02-23,346.0
2016-02-22,350.0
2016-02-19,355.0
2016-02-18,358.0
2016-02-17,357.0
2016-02-16,346.0
2016-02-15,334.0
2016-02-12,324.0
2016-02-11,312.0
2016-02-10,301.0
2016-02-09,297.0
2016-02-08,298.0
2016-02-05,295.0
2016-02-04,289.0
2016-02-03,284.0
2016-02-02,282.0
2016-02-01,282.0
2016-01-29,287.0
2016-01-28,293.0
2016-01-27,303.0
2016-01-26,312.0
2016-01-25,325.0
2016-01-22,334.0
2016-01-21,346.0
2016-01-20,360.0
2016-01-19,369.0
2016-01-18,375.0
2016-01-15,381.0
2016-01-14,388.0
2016-01-13,399.0
2016-01-12,411.0
2016-01-11,420.0
2016-01-08,434.0
2016-01-07,450.0
2016-01-06,464.0
2016-01-05,466.0
2016-01-04,464.0
2015-12-24,462.0
2015-12-23,457.0
2015-12-22,445.0
2015-12-21,433.0
2015-12-18,426.0
2015-12-17,421.0
2015-12-16,415.0
2015-12-15,411.0
2015-12-14,410.0
2015-12-11,410.0
2015-12-10,408.0
2015-12-09,412.0
2015-12-08,420.0
2015-12-07,426.0
2015-12-04,433.0
2015-12-03,438.0
2015-12-02,446.0
2015-12-01,450.0
2015-11-30,453.0
2015-11-27,456.0
2015-11-26,459.0
2015-11-25,463.0
2015-11-24,460.0
2015-11-23,461.0
2015-11-20,463.0
2015-11-19,468.0
2015-11-18,477.0
2015-11-17,487.0
2015-11-16,500.0
2015-11-13,514.0
2015-11-12,534.0
2015-11-11,555.0
2015-11-10,575.0
2015-11-09,589.0
2015-11-06,603.0
2015-11-05,618.0
2015-11-04,636.0
2015-11-03,653.0
2015-11-02,665.0
2015-10-30,675.0
2015-10-29,682.0
2015-10-28,687.0
2015-10-27,686.0
2015-10-26,681.0
2015-10-23,683.0
2015-10-22,685.0
2015-10-21,693.0
2015-10-20,701.0
2015-10-19,710.0
2015-10-16,722.0
2015-10-15,742.0
2015-10-14,761.0
2015-10-13,770.0
2015-10-12,768.0
2015-10-09,761.0
2015-10-08,736.0
2015-10-07,709.0
2015-10-06,700.0
2015-10-05,699.0
2015-10-02,701.0
2015-10-01,704.0
2015-09-30,712.0
2015-09-29,725.0
2015-09-28,738.0
2015-09-25,744.0
2015-09-24,751.0
2015-09-23,761.0
2015-09-22,769.0
2015-09-21,769.0
2015-09-18,753.0
2015-09-17,727.0
2015-09-16,716.0
2015-09-15,720.0
2015-09-14,723.0
2015-09-11,735.0
2015-09-10,751.0
2015-09-09,776.0
2015-09-08,793.0
2015-09-07,812.0
2015-09-04,837.0
2015-09-03,870.0
2015-09-02,912.0
2015-09-01,949.0
2015-08-28,974.0
2015-08-27,1000.0
2015-08-26,1031.0
2015-08-25,1047.0
2015-08-24,1052.0
2015-08-21,1054.0
2015-08-20,1052.0
2015-08-19,1049.0
2015-08-18,1052.0
2015-08-17,1057.0
2015-08-14,1057.0
2015-08-13,1054.0
2015-08-12,1053.0
2015-08-11,1043.0
2015-08-10,1028.0
2015-08-07,1021.0
2015-08-06,1013.0
2015-08-05,1005.0
2015-08-04,1001.0
2015-08-03,1006.0
2015-07-31,1023.0
2015-07-30,1044.0
2015-07-29,1069.0
2015-07-28,1095.0
2015-07-27,1115.0
2015-07-24,1137.0
2015-07-23,1161.0
2015-07-22,1179.0
2015-07-21,1179.0
2015-07-20,1170.0
2015-07-17,1162.0
2015-07-16,1149.0
2015-07-15,1122.0
2015-07-14,1096.0
2015-07-13,1076.0
2015-07-10,1052.0
2015-07-09,1016.0
2015-07-08,973.0
2015-07-07,945.0
2015-07-06,927.0
2015-07-03,908.0
2015-07-02,883.0
2015-07-01,858.0
2015-06-30,845.0
2015-06-29,838.0
2015-06-26,833.0
2015-06-25,827.0
2015-06-24,829.0
2015-06-23,834.0
2015-06-22,845.0
2015-06-19,851.0
2015-06-18,847.0
2015-06-17,817.0
2015-06-16,772.0
2015-06-15,742.0
2015-06-12,719.0
2015-06-11,696.0
2015-06-10,662.0
2015-06-09,630.0
2015-06-08,608.0
2015-06-05,596.0
2015-06-04,570.0
2015-06-03,544.0
2015-06-02,528.0
2015-06-01,522.0
2015-05-29,524.0
2015-05-28,525.0
2015-05-27,530.0
2015-05-26,540.0
2015-05-22,549.0
2015-05-21,556.0
2015-05-20,565.0
2015-05-19,574.0
2015-05-18,578.0
2015-05-15,579.0
2015-05-14,580.0
2015-05-13,584.0
2015-05-12,583.0
2015-05-11,586.0
2015-05-08,594.0
2015-05-07,603.0
2015-05-06,618.0
2015-05-05,633.0
2015-05-01,647.0
2015-04-30,658.0
2015-04-29,673.0
2015-04-28,685.0
2015-04-27,687.0
2015-04-24,685.0
2015-04-23,680.0
2015-04-22,669.0
2015-04-21,659.0
2015-04-20,646.0
2015-04-17,642.0
2015-04-16,636.0
2015-04-15,626.0
2015-04-14,619.0
2015-04-13,609.0
2015-04-10,600.0
2015-04-09,591.0
2015-04-08,585.0
2015-04-07,584.0
2015-04-02,589.0
2015-04-01,596.0
2015-03-31,598.0
2015-03-30,600.0
2015-03-27,597.0
2015-03-26,599.0
2015-03-25,602.0
2015-03-24,609.0
2015-03-23,617.0
2015-03-20,617.0
2015-03-19,613.0
2015-03-18,604.0
2015-03-17,595.0
2015-03-16,588.0
2015-03-13,585.0
2015-03-12,586.0
2015-03-11,588.0
2015-03-10,591.0
2015-03-09,590.0
2015-03-06,587.0
2015-03-05,583.0
2015-03-04,576.0
2015-03-03,564.0
2015-03-02,551.0
2015-02-27,540.0
2015-02-26,531.0
2015-02-25,519.0
2015-02-24,514.0
2015-02-23,512.0
2015-02-20,514.0
2015-02-19,516.0
2015-02-18,514.0
2015-02-17,508.0
2015-02-16,505.0
2015-02-13,499.0
2015-02-12,489.0
2015-02-11,469.0
2015-02-10,446.0
2015-02-09,434.0
2015-02-06,430.0
2015-02-05,428.0
2015-02-04,437.0
2015-02-03,454.0
2015-02-02,480.0
2015-01-30,508.0
2015-01-29,550.0
2015-01-28,620.0
2015-01-27,648.0
2015-01-26,669.0
2015-01-23,685.0
2015-01-22,704.0
2015-01-21,725.0
2015-01-20,741.0
2015-01-19,751.0
2015-01-16,759.0
2015-01-15,766.0
2015-01-14,766.0
2015-01-13,766.0
2015-01-12,762.0
2015-01-09,764.0
2015-01-08,776.0
2015-01-07,780.0
2015-01-06,794.0
2015-01-05,811.0
2015-01-02,827.0
2014-12-24,856.0
2014-12-23,872.0
2014-12-22,891.0
2014-12-19,907.0
2014-12-18,929.0
2014-12-17,945.0
2014-12-16,961.0
2014-12-15,980.0
2014-12-12,1001.0
2014-12-11,1026.0
2014-12-10,1047.0
2014-12-09,1066.0
2014-12-08,1081.0
2014-12-05,1088.0
2014-12-04,1097.0
2014-12-03,1108.0
2014-12-02,1119.0
2014-12-01,1124.0
2014-11-28,1120.0
2014-11-27,1099.0
2014-11-26,1073.0
2014-11-25,1064.0
2014-11-24,1059.0
2014-11-21,1055.0
2014-11-20,1053.0
2014-11-19,1055.0
2014-11-18,1061.0
2014-11-17,1069.0
2014-11-14,1089.0
2014-11-13,1112.0
2014-11-12,1133.0
2014-11-11,1150.0
2014-11-10,1168.0
2014-11-07,1183.0
2014-11-06,1205.0
2014-11-05,1224.0
2014-11-04,1238.0
2014-11-03,1241.0
2014-10-31,1233.0
2014-10-30,1222.0
2014-10-29,1202.0
2014-10-28,1172.0
2014-10-27,1137.0
2014-10-24,1121.0
2014-10-23,1099.0
2014-10-22,1066.0
2014-10-21,1032.0
2014-10-20,995.0
2014-10-17,966.0
2014-10-16,940.0
2014-10-15,909.0
2014-10-14,885.0
2014-10-10,865.0
2014-10-09,864.0
2014-10-08,869.0
2014-10-07,884.0
2014-10-06,889.0
2014-10-03,887.0
2014-10-02,878.0
2014-10-01,854.0
2014-09-30,826.0
2014-09-29,812.0
2014-09-26,807.0
2014-09-25,799.0
2014-09-24,798.0
2014-09-23,800.0
2014-09-22,809.0
2014-09-19,814.0
2014-09-18,819.0
2014-09-17,829.0
2014-09-16,843.0
2014-09-15,860.0
2014-09-12,875.0
2014-09-11,895.0
2014-09-10,916.0
2014-09-09,940.0
2014-09-08,940.0
2014-09-05,931.0
2014-09-04,927.0
2014-09-03,919.0
2014-09-02,903.0
2014-09-01,888.0
2014-08-29,871.0
2014-08-28,842.0
2014-08-27,811.0
2014-08-26,808.0
2014-08-22,812.0
2014-08-21,818.0
2014-08-20,828.0
2014-08-19,837.0
2014-08-18,836.0
2014-08-15,803.0
2014-08-14,739.0
2014-08-13,674.0
2014-08-12,651.0
2014-08-11,634.0
2014-08-08,624.0
2014-08-07,616.0
2014-08-06,609.0
2014-08-05,609.0
2014-08-04,610.0
2014-08-01,611.0
2014-07-31,619.0
2014-07-30,625.0
2014-07-29,624.0
2014-07-28,616.0
2014-07-25,606.0
2014-07-24,596.0
2014-07-23,584.0
2014-07-22,576.0
2014-07-21,576.0
2014-07-18,586.0
2014-07-17,603.0
2014-07-16,621.0
2014-07-15,644.0
2014-07-14,666.0
2014-07-11,679.0
2014-07-10,708.0
2014-07-09,710.0
2014-07-08,704.0
2014-07-07,680.0
2014-07-04,640.0
2014-07-03,557.0
2014-07-02,485.0
2014-07-01,446.0
2014-06-30,423.0
2014-06-27,419.0
2014-06-26,423.0
2014-06-25,433.0
2014-06-24,446.0
2014-06-23,452.0
2014-06-20,461.0
2014-06-19,474.0
2014-06-18,492.0
2014-06-17,514.0
2014-06-16,542.0
2014-06-13,582.0
2014-06-12,635.0
2014-06-11,678.0
2014-06-10,699.0
2014-06-09,713.0
2014-06-06,727.0
2014-06-05,758.0
2014-06-04,786.0
2014-06-03,841.6
2014-06-02,846.0
2014-05-30,872.0
2014-05-29,904.0
2014-05-28,940.0
2014-05-27,971.0
2014-05-23,1001.0
2014-05-22,1028.0
2014-05-21,1056.0
2014-05-20,1061.0
2014-05-19,1054.0
2014-05-16,1041.0
2014-05-15,1016.0
2014-05-14,969.0
2014-05-13,933.0
2014-05-12,910.0
2014-05-09,898.0
2014-05-08,879.0
2014-05-07,869.0
2014-05-06,866.0
2014-05-02,865.0
2014-05-01,871.0
2014-04-30,871.0
2014-04-29,872.0
2014-04-28,868.0
2014-04-25,864.0
2014-04-24,852.0
2014-04-22,828.0
2014-04-17,812.0
2014-04-16,792.0
2014-04-15,777.0
2014-04-14,778.0
2014-04-11,782.0
2014-04-10,787.0
2014-04-09,794.0
2014-04-08,801.0
2014-04-07,812.0
2014-04-04,822.0
2014-04-03,836.0
2014-04-02,867.0
2014-04-01,897.0
2014-03-31,942.0
2014-03-28,978.0
2014-03-27,1018.0
2014-03-26,1062.0
2014-03-24,1107.0
2014-03-21,1112.0
2014-03-20,1120.0
2014-03-19,1120.0
2014-03-18,1118.0
2014-03-17,1116.0
2014-03-14,1113.0
2014-03-13,1106.0
2014-03-12,1102.0
2014-03-11,1104.0
2014-03-10,1088.0
2014-03-07,1075.0
2014-03-06,1056.0
2014-03-05,1053.0
2014-03-04,1062.0
2014-03-03,1080.0
2014-02-28,1099.0
2014-02-27,1123.0
2014-02-26,1154.0
2014-02-25,1187.0
2014-02-24,1222.0
2014-02-21,1244.0
2014-02-20,1261.0
2014-02-19,1282.0
2014-02-18,1298.0
2014-02-17,1308.0
2014-02-14,1311.0
2014-02-13,1313.0
2014-02-12,1324.0
2014-02-11,1322.0
2014-02-10,1305.0
2014-02-07,1304.0
2014-02-06,1307.0
2014-02-05,1307.0
2014-02-04,1313.0
2014-02-03,1326.0
2014-01-31,1337.0
2014-01-30,1347.0
2014-01-29,1369.0
2014-01-28,1387.0
2014-01-27,1413.0
2014-01-24,1437.0
2014-01-23,1468.0
2014-01-22,1496.0
2014-01-21,1530.0
2014-01-20,1552.0
2014-01-17,1564.0
2014-01-16,1570.0
2014-01-15,1572.0
2014-01-14,1580.0
2014-01-13,1598.0
2014-01-10,1621.0
2014-01-09,1645.0
2014-01-08,1672.0
2014-01-07,1692.0
2014-01-06,1724.0
2014-01-03,1750.0
2014-01-02,1780.0
2013-12-24,1825.0
2013-12-23,1835.0
2013-12-20,1858.0
2013-12-19,1883.0
2013-12-18,1946.0
2013-12-17,2025.0
2013-12-16,2082.0
2013-12-13,2096.0
2013-12-12,2085.0
2013-12-11,2050.0
2013-12-10,1997.0
2013-12-09,1955.0
2013-12-06,1923.0
2013-12-05,1867.0
2013-12-04,1795.0
2013-12-03,1741.0
2013-12-02,1695.0
2013-11-30,1665.0
2013-11-29,1665.0
2013-11-28,1613.0
2013-11-27,1510.0
2013-11-26,1427.0
2013-11-25,1387.0
2013-11-22,1362.0
2013-11-21,1345.0
2013-11-20,1346.0
2013-11-19,1353.0
2013-11-18,1382.0
2013-11-15,1409.0
2013-11-14,1438.0
2013-11-13,1474.0
2013-11-12,1510.0
2013-11-11,1542.0
2013-11-08,1565.0
2013-11-07,1594.0
2013-11-06,1614.0
2013-11-05,1617.0
2013-11-04,1612.0
2013-11-01,1631.0
2013-10-31,1667.0
2013-10-30,1716.0
2013-10-29,1790.0
2013-10-28,1855.0
2013-10-25,1904.0
2013-10-24,1959.0
2013-10-23,2010.0
2013-10-22,2038.0
2013-10-21,2054.0
2013-10-18,2060.0
2013-10-17,2059.0
2013-10-16,2030.0
2013-10-15,2021.0
2013-10-14,2020.0
2013-10-11,2024.0
2013-10-10,2027.0
2013-10-09,2016.0
2013-10-08,1989.0
2013-10-07,1947.0
2013-10-04,1914.0
2013-10-03,1862.0
2013-10-02,1813.0
2013-10-01,1786.0
2013-09-30,1795.0
2013-09-27,1800.0
2013-09-26,1794.0
2013-09-25,1745.0
2013-09-24,1602.0
2013-09-23,1509.0
2013-09-20,1453.0
2013-09-19,1415.0
2013-09-18,1385.0
2013-09-17,1349.0
2013-09-16,1321.0
2013-09-13,1306.0
2013-09-12,1278.0
2013-09-11,1241.0
2013-09-10,1186.0
2013-09-09,1105.0
2013-09-06,1020.0
2013-09-05,961.0
2013-09-04,933.0
2013-09-03,921.0
2013-09-02,912.0
2013-08-30,907.0
2013-08-29,904.0
2013-08-28,901.0
2013-08-27,904.0
2013-08-23,903.0
2013-08-22,904.0
2013-08-21,905.0
2013-08-20,912.0
2013-08-19,917.0
2013-08-16,923.0
2013-08-15,926.0
2013-08-14,928.0
2013-08-13,933.0
2013-08-12,940.0
2013-08-09,948.0
2013-08-08,962.0
2013-08-07,977.0
2013-08-06,992.0
2013-08-05,1009.0
2013-08-02,903.0
2013-08-01,1041.0
2013-07-31,1057.0
2013-07-30,1075.0
2013-07-29,1090.0
2013-07-26,1104.0
2013-07-25,1123.0
2013-07-24,1145.0
2013-07-23,1159.0
2013-07-22,1170.0
2013-07-19,1172.0
2013-07-18,1165.0
2013-07-17,1153.0
2013-07-16,1136.0
2013-07-15,1118.0
2013-07-12,1097.0
2013-07-11,1062.0
2013-07-10,1024.0
2013-07-09,1006.0
2013-07-08,1002.0
2013-07-05,1008.0
2013-07-04,1012.0
2013-07-03,1017.0
2013-07-02,1016.0
2013-07-01,1014.0
2013-06-28,1007.0
2013-06-27,994.0
2013-06-26,976.0
2013-06-25,959.0
2013-06-24,937.0
2013-06-21,927.0
2013-06-20,920.0
2013-06-19,909.0
2013-06-18,892.0
2013-06-17,878.0
2013-06-14,859.0
2013-06-13,833.0
2013-06-12,808.0
2013-06-11,777.0
2013-06-10,766.0
2013-06-07,764.0
2013-06-06,764.0
2013-06-05,768.0
2013-06-04,776.0
2013-06-03,786.0
2013-05-31,795.0
2013-05-30,806.0
2013-05-29,821.0
2013-05-28,838.0
2013-05-24,854.0
2013-05-23,863.0
2013-05-22,880.0
2013-05-21,899.0
2013-05-20,917.0
2013-05-17,930.0
2013-05-16,951.0
2013-05-15,974.0
2013-05-14,988.0
2013-05-13,993.0
2013-05-10,994.0
2013-05-09,995.0
2013-05-08,995.0
2013-05-07,999.0
2013-05-03,1006.0
2013-05-02,1010.0
2013-05-01,1018.0
2013-04-30,1028.0
2013-04-29,1058.0
2013-04-26,1082.0
2013-04-25,1121.0
2013-04-24,1165.0
2013-04-23,1193.0
2013-04-22,1202.0
2013-04-19,1196.0
2013-04-18,1180.0
2013-04-17,1167.0
2013-04-16,1143.0
2013-04-15,1125.0
2013-04-12,1112.0
2013-04-11,1095.0
2013-04-10,1080.0
2013-04-09,1077.0
2013-04-08,1084.0
2013-04-05,1094.0
2013-04-04,1106.0
2013-04-03,1129.0
2013-04-02,1155.0
2013-03-28,1176.0
2013-03-27,1191.0
2013-03-26,1204.0
2013-03-22,1208.0
2013-03-21,1202.0
2013-03-20,1190.0
2013-03-19,1184.0
2013-03-18,1172.0
2013-03-15,1162.0
2013-03-14,1147.0
2013-03-13,1138.0
2013-03-12,1131.0
2013-03-11,1128.0
2013-03-08,1124.0
2013-03-07,1112.0
2013-03-06,1090.0
2013-03-05,1080.0
2013-03-04,1058.0
2013-03-01,1036.0
2013-02-28,990.0
2013-02-27,961.0
2013-02-26,939.0
2013-02-25,922.0
2013-02-22,909.0
2013-02-21,892.0
2013-02-20,875.0
2013-02-19,859.0
2013-02-18,845.0
2013-02-15,832.0
2013-02-14,808.0
2013-02-13,782.0
2013-02-12,749.0
2013-02-11,737.0
2013-02-08,723.0
2013-02-07,695.0
2013-02-06,657.0
2013-02-05,651.0
2013-02-04,653.0
2013-02-01,664.0
2013-01-31,677.0
2013-01-30,690.0
2013-01-29,703.0
2013-01-28,713.0
2013-01-25,715.0
2013-01-24,723.0
2013-01-23,727.0
2013-01-22,729.0
2013-01-21,736.0
2013-01-18,740.0
2013-01-17,743.0
2013-01-16,754.0
2013-01-15,768.0
2013-01-14,774.0
2013-01-11,772.0
2013-01-10,754.0
2013-01-09,717.0
2013-01-08,682.0
2013-01-07,670.0
2013-01-04,670.0
2013-01-03,675.0
2013-01-02,685.0
2012-12-24,699.0
2012-12-21,710.0
2012-12-20,734.0
2012-12-19,765.0
2012-12-18,793.0
2012-12-17,815.0
2012-12-14,839.0
2012-12-13,871.0
2012-12-12,894.0
2012-12-11,914.0
2012-12-10,928.0
2012-12-07,936.0
2012-12-06,940.0
2012-12-05,949.0
2012-12-04,962.0
2012-12-03,973.0
2012-11-30,980.0
2012-11-29,994.0
2012-11-28,1009.0
2012-11-27,1023.0
2012-11-26,1021.0
2012-11-23,1013.0
2012-11-22,991.0
2012-11-21,963.0
2012-11-20,933.0
2012-11-19,902.0
2012-11-16,886.0
2012-11-15,846.0
2012-11-14,774.0
2012-11-13,732.0
2012-11-12,720.0
2012-11-09,722.0
2012-11-08,726.0
2012-11-07,737.0
2012-11-06,747.0
2012-11-05,757.0
2012-11-02,766.0
2012-11-01,770.0
2012-10-31,782.0
2012-10-30,792.0
2012-10-29,799.0
2012-10-26,804.0
2012-10-25,811.0
2012-10-24,825.0
2012-10-23,843.0
2012-10-22,867.0
2012-10-19,879.0
2012-10-18,895.0
2012-10-17,904.0
2012-10-16,904.0
2012-10-15,885.0
2012-10-12,871.0
2012-10-11,843.0
2012-10-10,784.0
2012-10-09,712.0
2012-10-08,647.0
2012-10-05,598.0
2012-10-04,544.0
2012-10-03,496.0
2012-10-02,463.0
2012-10-01,439.0
2012-09-28,425.0
2012-09-27,418.0
2012-09-26,426.0
2012-09-25,441.0
2012-09-24,461.0
2012-09-21,467.0
2012-09-20,468.0
2012-09-19,468.0
2012-09-18,474.0
2012-09-17,483.0
2012-09-14,502.0
2012-09-13,527.0
2012-09-12,545.0
2012-09-11,566.0
2012-09-10,582.0
2012-09-07,599.0
2012-09-06,617.0
2012-09-05,647.0
2012-09-04,686.0
2012-09-03,714.0
2012-08-31,735.0
2012-08-30,758.0
2012-08-29,788.0
2012-08-28,812.0
2012-08-24,828.0
2012-08-23,840.0
2012-08-22,843.0
2012-08-21,833.0
2012-08-20,819.0
2012-08-17,806.0
2012-08-16,801.0
2012-08-15,801.0
2012-08-14,803.0
2012-08-13,804.0
2012-08-10,814.0
2012-08-09,823.0
2012-08-08,840.0
2012-08-07,868.0
2012-08-06,890.0
2012-08-03,910.0
2012-08-02,931.0
2012-08-01,954.0
2012-07-31,982.0
2012-07-30,1010.0
2012-07-27,1031.0
2012-07-26,1058.0
2012-07-25,1088.0
2012-07-24,1109.0
2012-07-23,1134.0
2012-07-20,1156.0
2012-07-19,1183.0
2012-07-17,1214.0
2012-07-16,1209.0
2012-07-13,1202.0
2012-07-12,1187.0
2012-07-11,1175.0
2012-07-10,1160.0
2012-07-09,1145.0
2012-07-06,1129.0
2012-07-05,1090.0
2012-07-04,1051.0
2012-07-03,1019.0
2012-07-02,993.0
2012-06-29,984.0
2012-06-27,981.0
2012-06-26,1003.0
2012-06-25,1026.0
2012-06-22,1048.0
2012-06-21,1073.0
2012-06-20,1093.0
2012-06-19,1089.0
2012-06-18,1081.0
2012-06-15,1065.0
2012-06-14,1046.0
2012-06-13,1004.0
2012-06-12,975.0
2012-06-11,944.0
2012-06-08,914.0
2012-06-07,882.0
2012-06-06,877.0
2012-06-01,897.0
2012-05-31,923.0
2012-05-30,969.0
2012-05-29,1008.0
2012-05-28,1049.0
2012-05-25,1083.0
2012-05-24,1130.0
2012-05-23,1186.0
2012-05-22,1237.0
2012-05-21,1269.0
2012-05-18,1274.0
2012-05-17,1258.0
2012-05-16,1266.0
2012-05-15,1283.0
2012-05-14,1299.0
2012-05-11,1322.0
2012-05-10,1350.0
2012-05-09,1390.0
2012-05-08,1441.0
2012-05-04,1527.0
2012-05-03,1635.0
2012-05-02,1693.0
2012-05-01,1713.0
2012-04-30,1725.0
2012-04-27,1738.0
2012-04-26,1727.0
2012-04-25,1692.0
2012-04-24,1628.0
2012-04-23,1552.0
2012-04-20,1487.0
2012-04-19,1354.0
2012-04-18,1291.0
2012-04-17,1232.0
2012-04-16,1189.0
2012-04-13,1158.0
2012-04-11,1072.0
2012-04-10,1040.0
2012-04-05,1036.0
2012-04-04,1043.0
2012-04-03,1049.0
2012-04-02,1051.0
2012-03-30,1051.0
2012-03-29,1044.0
2012-03-28,1040.0
2012-03-27,1035.0
2012-03-26,1036.0
2012-03-23,1036.0
2012-03-22,1026.0
2012-03-21,1015.0
2012-03-20,1004.0
2012-03-19,990.0
2012-03-16,971.0
2012-03-15,957.0
2012-03-14,941.0
2012-03-13,929.0
2012-03-12,912.0
2012-03-09,889.0
2012-03-08,873.0
2012-03-07,858.0
2012-03-06,852.0
2012-03-05,854.0
2012-03-02,844.0
2012-03-01,839.0
2012-02-29,832.0
2012-02-28,833.0
2012-02-24,836.0
2012-02-23,849.0
2012-02-22,871.0
2012-02-21,900.0
2012-02-20,931.0
2012-02-17,949.0
2012-02-16,974.0
2012-02-15,1005.0
2012-02-14,1018.0
2012-02-13,1008.0
2012-02-10,967.0
2012-02-09,896.0
2012-02-08,828.0
2012-02-07,770.0
2012-02-06,726.0
2012-02-03,693.0
2012-02-02,681.0
2012-02-01,694.0
2012-01-31,724.0
2012-01-30,765.0
2012-01-27,815.0
2012-01-26,863.0
2012-01-25,909.0
2012-01-24,946.0
2012-01-23,982.0
2012-01-20,1020.0
2012-01-19,1058.0
2012-01-18,1105.0
2012-01-17,1161.0
2012-01-16,1206.0
2012-01-13,1264.0
2012-01-12,1338.0
2012-01-11,1393.0
2012-01-10,1455.0
2012-01-09,1506.0
2012-01-06,1537.0
2012-01-05,1571.0
2012-01-04,1599.0
2012-01-03,1619.0
2011-12-23,1645.0
2011-12-22,1676.0
2011-12-21,1720.0
2011-12-20,1758.0
2011-12-19,1775.0
2011-12-16,1775.0
2011-12-15,1772.0
2011-12-14,1765.0
2011-12-13,1751.0
2011-12-12,1733.0
2011-12-09,1713.0
2011-12-08,1687.0
2011-12-07,1687.0
2011-12-06,1690.0
2011-12-05,1693.0
2011-12-02,1701.0
2011-12-01,1710.0
2011-11-30,1727.0
2011-11-29,1750.0
2011-11-28,1770.0
2011-11-25,1794.0
2011-11-24,1822.0
2011-11-23,1841.0
2011-11-22,1848.0
2011-11-21,1840.0
2011-11-18,1831.0
2011-11-17,1806.0
2011-11-16,1784.0
2011-11-15,1769.0
2011-11-14,1763.0
2011-11-11,1761.0
2011-11-10,1761.0
2011-11-09,1770.0
2011-11-08,1787.0
2011-11-07,1811.0
2011-11-04,1836.0
2011-11-03,1866.0
2011-11-02,1889.0
2011-11-01,1912.0
2011-10-31,1931.0
2011-10-28,1939.0
2011-10-27,1945.0
2011-10-26,1961.0
2011-10-25,1976.0
2011-10-24,1999.0
2011-10-21,2026.0
2011-10-20,2058.0
2011-10-19,2086.0
2011-10-18,2099.0
2011-10-17,2095.0
2011-10-14,2084.0
2011-10-13,2062.0
2011-10-12,2026.0
2011-10-11,1982.0
2011-10-10,1942.0
2011-10-07,1913.0
2011-10-06,1869.0
2011-10-05,1819.0
2011-10-04,1771.0
2011-10-03,1742.0
2011-09-30,1726.0
2011-09-29,1705.0
2011-09-28,1681.0
2011-09-27,1664.0
2011-09-26,1652.0
2011-09-23,1641.0
2011-09-22,1642.0
2011-09-21,1665.0
2011-09-20,1705.0
2011-09-19,1734.0
2011-09-16,1746.0
2011-09-15,1748.0
2011-09-14,1735.0
2011-09-13,1711.0
2011-09-12,1695.0
2011-09-09,1685.0
2011-09-08,1670.0
2011-09-07,1657.0
2011-09-06,1645.0
2011-09-05,1634.0
2011-09-02,1630.0
2011-09-01,1624.0
2011-08-31,1628.0
2011-08-30,1636.0
2011-08-26,1651.0
2011-08-25,1662.0
2011-08-24,1659.0
2011-08-23,1644.0
2011-08-22,1627.0
2011-08-19,1609.0
2011-08-18,1597.0
2011-08-17,1585.0
2011-08-16,1568.0
2011-08-15,1541.0
2011-08-12,1520.0
2011-08-11,1501.0
2011-08-10,1481.0
2011-08-09,1474.0
2011-08-08,1476.0
2011-08-05,1478.0
2011-08-04,1475.0
2011-08-03,1481.0
2011-08-02,1490.0
2011-08-01,1502.0
2011-07-29,1511.0
2011-07-28,1524.0
2011-07-27,1532.0
2011-07-26,1538.0
2011-07-25,1540.0
2011-07-22,1535.0
2011-07-21,1534.0
2011-07-20,1536.0
2011-07-19,1541.0
2011-07-18,1555.0
2011-07-15,1578.0
2011-07-14,1606.0
2011-07-13,1641.0
2011-07-12,1677.0
2011-07-11,1692.0
2011-07-08,1684.0
2011-07-07,1663.0
2011-07-06,1626.0
2011-07-05,1594.0
2011-07-04,1582.0
2011-07-01,1590.0
2011-06-30,1604.0
2011-06-29,1633.0
2011-06-28,1672.0
2011-06-27,1727.0
2011-06-24,1764.0
2011-06-23,1796.0
2011-06-22,1820.0
2011-06-21,1850.0
2011-06-20,1883.0
2011-06-17,1914.0
2011-06-16,1952.0
2011-06-15,1978.0
2011-06-14,1975.0
2011-06-13,1950.0
2011-06-10,1927.0
2011-06-09,1903.0
2011-06-08,1858.0
2011-06-07,1812.0
2011-06-06,1792.0
2011-06-03,1791.0
2011-06-02,1795.0
2011-06-01,1809.0
2011-05-31,1830.0
2011-05-27,1865.0
2011-05-26,1868.0
2011-05-25,1832.0
2011-05-24,1755.0
2011-05-23,1711.0
2011-05-20,1666.0
2011-05-19,1615.0
2011-05-18,1597.0
2011-05-17,1622.0
2011-05-16,1675.0
2011-05-13,1720.0
2011-05-12,1770.0
2011-05-11,1814.0
2011-05-10,1824.0
2011-05-09,1801.0
2011-05-06,1769.0
2011-05-05,1723.0
2011-05-04,1644.0
2011-05-03,1558.0
2011-04-28,1450.0
2011-04-27,1392.0
2011-04-26,1364.0
2011-04-21,1377.0
2011-04-20,1415.0
2011-04-19,1456.0
2011-04-18,1490.0
2011-04-15,1514.0
2011-04-14,1548.0
2011-04-13,1586.0
2011-04-12,1629.0
2011-04-11,1664.0
2011-04-08,1696.0
2011-04-07,1737.0
2011-04-06,1788.0
2011-04-05,1839.0
2011-04-04,1889.0
2011-04-01,1925.0
2011-03-31,1968.0
2011-03-30,2014.0
2011-03-28,2082.0
2011-03-25,2078.0
2011-03-24,2077.0
2011-03-23,2080.0
2011-03-22,2079.0
2011-03-21,2085.0
2011-03-18,2094.0
2011-03-17,2110.0
2011-03-16,2114.0
2011-03-15,2116.0
2011-03-14,2126.0
2011-03-11,2132.0
2011-03-10,2120.0
2011-03-09,2095.0
2011-03-08,2048.0
2011-03-07,2015.0
2011-03-04,1983.0
2011-03-03,1929.0
2011-03-02,1858.0
2011-03-01,1829.0
2011-02-28,1820.0
2011-02-25,1812.0
2011-02-24,1813.0
2011-02-23,1845.0
2011-02-22,1919.0
2011-02-18,2004.0
2011-02-17,1997.0
2011-02-16,1930.0
2011-02-15,1803.0
2011-02-14,1688.0
2011-02-11,1620.0
2011-02-10,1567.0
2011-02-09,1519.0
2011-02-08,1464.0
2011-02-07,1395.0
2011-02-04,1348.0
2011-02-03,1311.0
2011-02-02,1296.0
2011-02-01,1299.0
2011-01-31,1310.0
2011-01-28,1337.0
2011-01-27,1381.0
2011-01-26,1427.0
2011-01-25,1512.0
2011-01-24,1593.0
2011-01-21,1650.0
2011-01-20,1710.0
2011-01-19,1776.0
2011-01-18,1840.0
2011-01-14,1923.0
2011-01-13,1949.0
2011-01-12,1970.0
2011-01-11,1975.0
2011-01-10,1964.0
2011-01-07,1936.0
2011-01-06,1882.0
2011-01-05,1824.0
2011-01-04,1798.0
2010-12-24,1845.0
2010-12-22,1873.0
2010-12-21,1892.0
2010-12-20,1956.0
2010-12-17,2037.0
2010-12-16,2147.0
2010-12-15,2234.0
2010-12-14,2289.0
2010-12-13,2323.0
2010-12-10,2357.0
2010-12-09,2376.0
2010-12-08,2386.0
2010-12-07,2384.0
2010-12-06,2384.0
2010-12-03,2382.0
2010-12-02,2385.0
2010-12-01,2380.0
2010-11-30,2377.0
2010-11-29,2356.0
2010-11-26,2330.0
2010-11-25,2290.0
2010-11-24,2194.0
2010-11-23,2112.0
2010-11-22,2061.0
2010-11-18,2063.0
2010-11-17,2122.0
2010-11-16,2216.0
2010-11-15,2294.0
2010-11-12,2365.0
2010-11-11,2432.0
2010-11-10,2437.0
2010-11-09,2361.0
2010-11-08,2322.0
2010-11-05,2304.0
2010-11-04,2287.0
2010-11-03,2288.0
2010-11-02,2313.0
2010-11-01,2371.0
2010-10-29,2410.0
2010-10-28,2465.0
2010-10-27,2461.0
2010-10-26,2393.0
2010-10-25,2293.0
2010-10-22,2219.0
2010-10-21,2179.0
2010-10-20,2172.0
2010-10-19,2186.0
2010-10-18,2216.0
2010-10-15,2254.0
2010-10-14,2302.0
2010-10-13,2359.0
2010-10-12,2397.0
2010-10-11,2413.0
2010-10-08,2403.0
2010-10-07,2372.0
2010-10-06,2359.0
2010-10-05,2362.0
2010-10-04,2376.0
2010-10-01,2412.0
2010-09-30,2462.0
2010-09-29,2524.0
2010-09-28,2607.0
2010-09-27,2673.0
2010-09-24,2719.0
2010-09-23,2763.0
2010-09-22,2825.0
2010-09-21,2881.0
2010-09-20,2902.0
2010-09-17,2928.0
2010-09-16,2985.0
2010-09-15,3151.0
2010-09-14,3293.0
2010-09-13,3362.0
2010-09-10,3394.0
2010-09-09,3396.0
2010-09-08,3359.0
2010-09-07,3307.0
2010-09-03,3121.0
2010-09-02,3032.0
2010-09-01,2955.0
2010-08-31,2950.0
2010-08-27,2978.0
2010-08-26,3025.0
2010-08-25,3087.0
2010-08-24,3128.0
2010-08-23,3122.0
2010-08-20,3089.0
2010-08-19,3031.0
2010-08-18,2969.0
2010-08-17,2920.0
2010-08-16,2883.0
2010-08-13,2864.0
2010-08-12,2829.0
2010-08-11,2749.0
2010-08-10,2666.0
2010-08-09,2607.0
2010-08-06,2581.0
2010-08-05,2567.0
2010-08-04,2607.0
2010-08-03,2665.0
2010-08-02,2677.0
2010-07-30,2632.0
2010-07-29,2582.0
2010-07-28,2506.0
2010-07-27,2447.0
2010-07-26,2403.0
2010-07-23,2362.0
2010-07-22,2287.0
2010-07-21,2207.0
2010-07-20,2158.0
2010-07-19,2122.0
2010-07-16,2092.0
2010-07-15,2029.0
2010-07-14,1980.0
2010-07-13,1946.0
2010-07-12,1941.0
2010-07-09,1944.0
2010-07-08,1985.0
2010-07-07,2081.0
2010-07-06,2191.0
2010-07-05,2350.0
2010-07-02,2447.0
2010-07-01,2627.0
2010-06-30,2748.0
2010-06-29,2875.0
2010-06-28,2977.0
2010-06-25,3045.0
2010-06-24,3070.0
2010-06-23,3062.0
2010-06-22,3017.0
2010-06-21,2968.0
2010-06-18,2980.0
2010-06-17,3018.0
2010-06-16,3115.0
2010-06-15,3211.0
2010-06-14,3283.0
2010-06-11,3361.0
2010-06-10,3552.0
2010-06-09,3723.0
2010-06-08,3789.0
2010-06-07,3836.0
2010-06-04,3878.0
2010-06-03,3931.0
2010-06-02,3995.0
2010-06-01,4081.0
2010-05-28,4247.0
2010-05-27,4360.0
2010-05-26,4450.0
2010-05-25,4492.0
2010-05-24,4537.0
2010-05-21,4576.0
2010-05-20,4622.0
2010-05-19,4596.0
2010-05-18,4504.0
2010-05-17,4417.0
2010-05-14,4340.0
2010-05-13,4273.0
2010-05-12,4196.0
2010-05-11,4146.0
2010-05-10,4096.0
2010-05-07,4062.0
2010-05-06,4018.0
2010-05-05,3951.0
2010-05-04,3910.0
2010-04-30,3900.0
2010-04-29,3891.0
2010-04-28,3853.0
2010-04-27,3748.0
2010-04-26,3712.0
2010-04-23,3757.0
2010-04-22,3810.0
2010-04-21,3883.0
2010-04-20,3956.0
2010-04-19,4019.0
2010-04-16,4034.0
2010-04-15,4036.0
2010-04-14,4021.0
2010-04-13,3997.0
2010-04-12,3977.0
2010-04-09,3952.0
2010-04-08,3901.0
2010-04-07,3812.0
2010-04-06,3736.0
2010-04-01,3708.0
2010-03-31,3674.0
2010-03-30,3688.0
2010-03-29,3806.0
2010-03-26,3965.0
2010-03-25,4123.0
2010-03-24,4267.0
2010-03-23,4328.0
2010-03-22,4356.0
2010-03-19,4344.0
2010-03-18,4337.0
2010-03-17,4298.0
2010-03-16,4256.0
2010-03-15,4223.0
2010-03-12,4177.0
2010-03-11,4090.0
2010-03-10,4013.0
2010-03-09,4044.0
2010-03-08,4043.0
2010-03-05,4003.0
2010-03-04,3887.0
2010-03-03,3669.0
2010-03-02,3510.0
2010-03-01,3448.0
2010-02-26,3399.0
2010-02-25,3325.0
2010-02-24,3272.0
2010-02-23,3242.0
2010-02-22,3218.0
2010-02-19,3179.0
2010-02-18,3138.0
2010-02-17,3080.0
2010-02-16,3021.0
2010-02-15,3011.0
2010-02-12,3028.0
2010-02-11,3045.0
2010-02-10,3087.0
2010-02-09,3128.0
2010-02-08,3142.0
2010-02-05,3141.0
2010-02-04,3109.0
2010-02-03,3100.0
2010-02-02,3144.0
2010-02-01,3298.0
2010-01-29,3420.0
2010-01-28,3523.0
2010-01-27,3630.0
2010-01-26,3695.0
2010-01-25,3708.0
2010-01-22,3661.0
2010-01-21,3607.0
2010-01-20,3589.0
2010-01-19,3622.0
2010-01-18,3678.0
2010-01-15,3745.0
2010-01-14,3847.0
2010-01-13,4001.0
2010-01-12,4156.0
2010-01-11,4224.0
2010-01-08,4218.0
2010-01-07,4188.0
2010-01-06,4122.0
2010-01-05,4003.0
2010-01-04,3823.0
2009-12-24,3567.0
2009-12-23,3544.0
2009-12-22,3498.0
2009-12-21,3460.0
2009-12-18,3448.0
2009-12-17,3436.0
2009-12-16,3444.0
2009-12-15,3505.0
2009-12-14,3574.0
2009-12-11,3673.0
2009-12-10,3795.0
2009-12-09,3900.0
2009-12-08,3989.0
2009-12-07,3981.0
2009-12-04,3928.0
2009-12-03,3830.0
2009-12-02,3677.0
2009-12-01,3635.0
2009-11-30,3757.0
2009-11-27,3868.0
2009-11-26,4036.0
2009-11-25,4181.0
2009-11-24,4303.0
2009-11-23,4376.0
2009-11-20,4424.0
2009-11-19,4453.0
2009-11-18,4339.0
2009-11-17,4182.0
2009-11-16,4091.0
2009-11-13,3978.0
2009-11-12,3877.0
2009-11-11,3787.0
2009-11-10,3684.0
2009-11-09,3612.0
2009-11-06,3556.0
2009-11-05,3480.0
2009-11-04,3398.0
2009-11-03,3279.0
2009-11-02,3210.0
2009-10-30,3150.0
2009-10-29,3101.0
2009-10-28,3107.0
2009-10-27,3109.0
2009-10-26,3100.0
2009-10-23,3048.0
2009-10-22,2950.0
2009-10-21,2843.0
2009-10-20,2789.0
2009-10-19,2744.0
2009-10-16,2734.0
2009-10-15,2726.0
2009-10-14,2733.0
2009-10-13,2757.0
2009-10-12,2745.0
2009-10-09,2705.0
2009-10-08,2633.0
2009-10-07,2505.0
2009-10-06,2411.0
2009-10-05,2382.0
2009-10-02,2361.0
2009-10-01,2314.0
2009-09-30,2276.0
2009-09-29,2275.0
2009-09-28,2303.0
2009-09-25,2317.0
2009-09-24,2357.0
2009-09-23,2436.0
2009-09-22,2534.0
2009-09-21,2568.0
2009-09-18,2572.0
2009-09-17,2555.0
2009-09-16,2521.0
2009-09-15,2492.0
2009-09-14,2520.0
2009-09-11,2550.0
2009-09-09,2649.0
2009-09-08,2611.0
2009-09-07,2549.0
2009-09-04,2486.0
2009-09-03,2385.0
2009-09-02,2302.0
2009-09-01,2230.0
2009-08-28,2157.0
2009-08-27,2093.0
2009-08-26,2085.0
2009-08-25,2127.0
2009-08-24,2195.0
2009-08-21,2244.0
2009-08-20,2290.0
2009-08-19,2349.0
2009-08-18,2405.0
2009-08-17,2415.0
2009-08-14,2391.0
2009-08-13,2340.0
2009-08-12,2325.0
2009-08-11,2378.0
2009-08-10,2489.0
2009-08-07,2599.0
2009-08-06,2754.0
2009-08-05,2919.0
2009-08-04,3030.0
2009-08-03,3114.0
2009-07-31,3183.0
2009-07-30,3282.0
2009-07-29,3362.0
2009-07-28,3447.0
2009-07-27,3509.0
2009-07-24,3524.0
2009-07-23,3495.0
2009-07-22,3459.0
2009-07-21,3412.0
2009-07-20,3366.0
2009-07-17,3324.0
2009-07-16,3255.0
2009-07-15,3141.0
2009-07-14,3020.0
2009-07-13,2955.0
2009-07-10,2952.0
2009-07-09,2914.0
2009-07-08,2897.0
2009-07-07,2917.0
2009-07-06,2969.0
2009-07-03,3027.0
2009-07-02,3059.0
2009-07-01,2984.0
2009-06-30,2904.0
2009-06-29,2837.0
2009-06-26,2817.0
2009-06-25,2868.0
2009-06-24,2939.0
2009-06-23,3021.0
2009-06-22,3068.0
2009-06-19,3125.0
2009-06-18,3162.0
2009-06-17,3176.0
2009-06-16,3108.0
2009-06-15,2881.0
2009-06-12,2754.0
2009-06-11,2643.0
2009-06-10,2615.0
2009-06-09,2772.0
2009-06-08,3027.0
2009-06-05,3252.0
2009-06-04,3431.0
2009-06-03,3505.0
2009-06-02,3330.0
2009-06-01,3093.0
2009-05-29,2900.0
2009-05-28,2764.0
2009-05-27,2612.0
2009-05-26,2369.0
2009-05-22,2293.0
2009-05-21,2373.0
2009-05-20,2462.0
2009-05-19,2530.0
2009-05-18,2516.0
2009-05-15,2474.0
2009-05-14,2362.0
2009-05-13,2226.0
2009-05-12,2158.0
2009-05-11,2147.0
2009-05-08,2144.0
2009-05-07,2084.0
2009-05-06,1895.0
2009-05-05,1702.0
2009-05-01,1556.0
2009-04-30,1523.0
2009-04-29,1469.0
2009-04-28,1497.0
2009-04-27,1575.0
2009-04-24,1662.0
2009-04-23,1743.0
2009-04-22,1746.0
2009-04-21,1666.0
2009-04-20,1612.0
2009-04-17,1555.0
2009-04-16,1413.0
2009-04-15,1281.0
2009-04-14,1185.0
2009-04-09,1144.0
2009-04-08,1114.0
2009-04-07,1107.0
2009-04-06,1143.0
2009-04-03,1186.0
2009-04-02,1233.0
2009-04-01,1293.0
2009-03-31,1374.0
2009-03-30,1434.0
2009-03-27,1492.0
2009-03-26,1531.0
2009-03-25,1544.0
2009-03-24,1526.0
2009-03-23,1489.0
2009-03-20,1475.0
2009-03-19,1508.0
2009-03-18,1660.0
2009-03-17,1899.0
2009-03-16,2045.0
